Timestamp,Module,Alert
2025-10-24 00:40:46,Module C,Error detected
2025-10-24 00:40:52,Module C,Error detected
2025-10-24 12:15:10,Module C,Error detected
2025-10-24 12:15:15,Module C,Error detected
2025-10-24 12:15:27,Module C,Error detected
2025-10-24 12:23:46,Module C,Error detected
2025-10-24 12:23:52,Module C,Error detected
2025-10-24 12:26:31,Module C,Error detected
2025-10-24 12:26:37,Module C,Error detected
2025-10-24 12:26:45,Module C,Error detected
2025-10-24 12:26:52,Module C,Error detected
2025-10-24 12:35:27,Module C,Error detected
2025-10-24 12:35:33,Module C,Error detected
